"","gutenberg_id","text","title","author","gutenberg_bookshelf","language"
"1",4754,"The Philosophy of Despair","The Philosophy of Despair","Jordan, David Starr","Philosophy","en"
"2",4754,"","The Philosophy of Despair","Jordan, David Starr","Philosophy","en"
"3",4754,"","The Philosophy of Despair","Jordan, David Starr","Philosophy","en"
"4",4754,"","The Philosophy of Despair","Jordan, David Starr","Philosophy","en"
"5",4754,"by","The Philosophy of Despair","Jordan, David Starr","Philosophy","en"
"6",4754,"","The Philosophy of Despair","Jordan, David Starr","Philosophy","en"
"7",4754,"David Starr Jordan","The Philosophy of Despair","Jordan, David Starr","Philosophy","en"
"8",4754,"","The Philosophy of Despair","Jordan, David Starr","Philosophy","en"
"9",4754,"","The Philosophy of Despair","Jordan, David Starr","Philosophy","en"
"10",4754,"","The Philosophy of Despair","Jordan, David Starr","Philosophy","en"
"11",4754,"","The Philosophy of Despair","Jordan, David Starr","Philosophy","en"
"12",4754,"  To","The Philosophy of Despair","Jordan, David Starr","Philosophy","en"
"13",4754,"  John Maxson Stillman","The Philosophy of Despair","Jordan, David Starr","Philosophy","en"
"14",4754,"  In Token of Good Cheer","The Philosophy of Despair","Jordan, David Starr","Philosophy","en"
"15",4754,"","The Philosophy of Despair","Jordan, David Starr","Philosophy","en"
"16",4754,"","The Philosophy of Despair","Jordan, David Starr","Philosophy","en"
"17",4754,"","The Philosophy of Despair","Jordan, David Starr","Philosophy","en"
"18",4754,"","The Philosophy of Despair","Jordan, David Starr","Philosophy","en"
"19",4754,"  A darkening sky and a whitening sea,","The Philosophy of Despair","Jordan, David Starr","Philosophy","en"
"20",4754,"  And the wind in the palm trees tall;","The Philosophy of Despair","Jordan, David Starr","Philosophy","en"
"21",4754,"  Soon or late comes a call for me,","The Philosophy of Despair","Jordan, David Starr","Philosophy","en"
"22",4754,"  Down from the mountain or up from the sea,","The Philosophy of Despair","Jordan, David Starr","Philosophy","en"
"23",4754,"  Then let me lie where I fall.","The Philosophy of Despair","Jordan, David Starr","Philosophy","en"
"24",4754,"","The Philosophy of Despair","Jordan, David Starr","Philosophy","en"
"25",4754,"  And a friend may write--for friends there be,","The Philosophy of Despair","Jordan, David Starr","Philosophy","en"
"26",4754,"  On a stone from the gray sea wall,","The Philosophy of Despair","Jordan, David Starr","Philosophy","en"
"27",4754,"  ""Jungle and town and reef and sea--","The Philosophy of Despair","Jordan, David Starr","Philosophy","en"
"28",4754,"  I loved God's Earth and His Earth loved me,","The Philosophy of Despair","Jordan, David Starr","Philosophy","en"
"29",4754,"  Taken for all in all.""","The Philosophy of Despair","Jordan, David Starr","Philosophy","en"
"30",4754,"","The Philosophy of Despair","Jordan, David Starr","Philosophy","en"
"31",4754,"","The Philosophy of Despair","Jordan, David Starr","Philosophy","en"
"32",4754,"","The Philosophy of Despair","Jordan, David Starr","Philosophy","en"
"33",4754,"Today is your day and mine, the only day we have, the day in which we","The Philosophy of Despair","Jordan, David Starr","Philosophy","en"
"34",4754,"play our part. What our part may signify in the great whole, we may not","The Philosophy of Despair","Jordan, David Starr","Philosophy","en"
"35",4754,"understand, but we are here to play it, and now is our time. This we","The Philosophy of Despair","Jordan, David Starr","Philosophy","en"
"36",4754,"know, it is a part of action, not of whining. It is a part of love, not","The Philosophy of Despair","Jordan, David Starr","Philosophy","en"
"37",4754,"cynicism. It is for us to express love in terms of human helpfulness.","The Philosophy of Despair","Jordan, David Starr","Philosophy","en"
"38",4754,"This we know, for we have learned from sad experience that any other","The Philosophy of Despair","Jordan, David Starr","Philosophy","en"
"39",4754,"course of life leads toward decay and waste.","The Philosophy of Despair","Jordan, David Starr","Philosophy","en"
"40",4754,"","The Philosophy of Despair","Jordan, David Starr","Philosophy","en"
"41",4754,"","The Philosophy of Despair","Jordan, David Starr","Philosophy","en"
"42",4754,"","The Philosophy of Despair","Jordan, David Starr","Philosophy","en"
"43",4754,"","The Philosophy of Despair","Jordan, David Starr","Philosophy","en"
"44",4754,"The Philosophy of Despair","The Philosophy of Despair","Jordan, David Starr","Philosophy","en"
"45",4754,"","The Philosophy of Despair","Jordan, David Starr","Philosophy","en"
"46",4754,"","The Philosophy of Despair","Jordan, David Starr","Philosophy","en"
"47",4754,"","The Philosophy of Despair","Jordan, David Starr","Philosophy","en"
"48",4754,"The Bubbles of Saki.","The Philosophy of Despair","Jordan, David Starr","Philosophy","en"
"49",4754,"","The Philosophy of Despair","Jordan, David Starr","Philosophy","en"
"50",4754,"","The Philosophy of Despair","Jordan, David Starr","Philosophy","en"
"51",4754,"From Fitzgerald's exquisite version of the Rubaiyat of Omar Khayyam, I","The Philosophy of Despair","Jordan, David Starr","Philosophy","en"
"52",4754,"take the following quatrains which may serve as a text for what I have","The Philosophy of Despair","Jordan, David Starr","Philosophy","en"
"53",4754,"to say:","The Philosophy of Despair","Jordan, David Starr","Philosophy","en"
"54",4754,"","The Philosophy of Despair","Jordan, David Starr","Philosophy","en"
"55",4754,"  So when the angel of the darker Drink","The Philosophy of Despair","Jordan, David Starr","Philosophy","en"
"56",4754,"  At last shall find you by the river-brink,","The Philosophy of Despair","Jordan, David Starr","Philosophy","en"
"57",4754,"  And offering you his cup, invite your Soul","The Philosophy of Despair","Jordan, David Starr","Philosophy","en"
"58",4754,"  Forth to your lips to quaff, you shall not shrink.","The Philosophy of Despair","Jordan, David Starr","Philosophy","en"
"59",4754,"","The Philosophy of Despair","Jordan, David Starr","Philosophy","en"
"60",4754,"  Why, if the soul can fling the Dust aside,","The Philosophy of Despair","Jordan, David Starr","Philosophy","en"
"61",4754,"  And naked on the air of Heaven ride,","The Philosophy of Despair","Jordan, David Starr","Philosophy","en"
"62",4754,"  Wert not a shame--wert not a shame for him","The Philosophy of Despair","Jordan, David Starr","Philosophy","en"
"63",4754,"  In this clay carcase crippled to abide?","The Philosophy of Despair","Jordan, David Starr","Philosophy","en"
"64",4754,"","The Philosophy of Despair","Jordan, David Starr","Philosophy","en"
"65",4754,"  'Tis but a tent where takes his one-day's rest","The Philosophy of Despair","Jordan, David Starr","Philosophy","en"
"66",4754,"  A Sultan to the realm of Death addrest;","The Philosophy of Despair","Jordan, David Starr","Philosophy","en"
"67",4754,"  The Sultan rises, and the dark Ferrash","The Philosophy of Despair","Jordan, David Starr","Philosophy","en"
"68",4754,"  Strikes, and prepares it for another guest.","The Philosophy of Despair","Jordan, David Starr","Philosophy","en"
"69",4754,"","The Philosophy of Despair","Jordan, David Starr","Philosophy","en"
"70",4754,"  And fear not lest Existence, closing your","The Philosophy of Despair","Jordan, David Starr","Philosophy","en"
"71",4754,"  Account, and mine, shall know the like no more;","The Philosophy of Despair","Jordan, David Starr","Philosophy","en"
"72",4754,"  The Eternal Saki from that bowl hath pour'd","The Philosophy of Despair","Jordan, David Starr","Philosophy","en"
"73",4754,"  Millions of bubbles like us, and will pour.","The Philosophy of Despair","Jordan, David Starr","Philosophy","en"
"74",4754,"","The Philosophy of Despair","Jordan, David Starr","Philosophy","en"
"75",4754,"  When you and I behind the veil are past,","The Philosophy of Despair","Jordan, David Starr","Philosophy","en"
"76",4754,"  Oh, but the long, long while the world shall last,","The Philosophy of Despair","Jordan, David Starr","Philosophy","en"
"77",4754,"  Which of our coming and departure heeds","The Philosophy of Despair","Jordan, David Starr","Philosophy","en"
"78",4754,"  As the Sev'n Seas shall heed a pebble-cast.","The Philosophy of Despair","Jordan, David Starr","Philosophy","en"
"79",4754,"","The Philosophy of Despair","Jordan, David Starr","Philosophy","en"
"80",4754,"  A moment's halt--a momentary taste","The Philosophy of Despair","Jordan, David Starr","Philosophy","en"
"81",4754,"  Of Being from the Well amid the waste,","The Philosophy of Despair","Jordan, David Starr","Philosophy","en"
"82",4754,"  And lo!--the phantom caravan has reach'd","The Philosophy of Despair","Jordan, David Starr","Philosophy","en"
"83",4754,"  The Nothing it set out from--O, make haste!","The Philosophy of Despair","Jordan, David Starr","Philosophy","en"
"84",4754,"","The Philosophy of Despair","Jordan, David Starr","Philosophy","en"
"85",4754,"  * * *","The Philosophy of Despair","Jordan, David Starr","Philosophy","en"
"86",4754,"","The Philosophy of Despair","Jordan, David Starr","Philosophy","en"
"87",4754,"  There was the door to which I found no key;","The Philosophy of Despair","Jordan, David Starr","Philosophy","en"
"88",4754,"  There was the veil through which I could not see:","The Philosophy of Despair","Jordan, David Starr","Philosophy","en"
"89",4754,"  Some little talk awhile of Me and Thee","The Philosophy of Despair","Jordan, David Starr","Philosophy","en"
"90",4754,"  There was--and then no more of Thee and Me.","The Philosophy of Despair","Jordan, David Starr","Philosophy","en"
"91",4754,"","The Philosophy of Despair","Jordan, David Starr","Philosophy","en"
"92",4754,"  * * *","The Philosophy of Despair","Jordan, David Starr","Philosophy","en"
"93",4754,"","The Philosophy of Despair","Jordan, David Starr","Philosophy","en"
"94",4754,"  Why, all the Saints and Sages who discuss'd","The Philosophy of Despair","Jordan, David Starr","Philosophy","en"
"95",4754,"  Of the two worlds so learnedly are thrust","The Philosophy of Despair","Jordan, David Starr","Philosophy","en"
"96",4754,"  Like foolish prophets forth; their words to scorn","The Philosophy of Despair","Jordan, David Starr","Philosophy","en"
"97",4754,"  Are scatter'd and their mouths are stopt with dust.","The Philosophy of Despair","Jordan, David Starr","Philosophy","en"
"98",4754,"","The Philosophy of Despair","Jordan, David Starr","Philosophy","en"
"99",4754,"  With them the seed of wisdom did I sow,","The Philosophy of Despair","Jordan, David Starr","Philosophy","en"
"100",4754,"  And with my own hand wrought to make it grow","The Philosophy of Despair","Jordan, David Starr","Philosophy","en"
"101",4754,"  And this was all the harvest that I reap'd--","The Philosophy of Despair","Jordan, David Starr","Philosophy","en"
"102",4754,"  ""I come like water, and like wind I go.""","The Philosophy of Despair","Jordan, David Starr","Philosophy","en"
"103",4754,"","The Philosophy of Despair","Jordan, David Starr","Philosophy","en"
"104",4754,"  * * *","The Philosophy of Despair","Jordan, David Starr","Philosophy","en"
"105",4754,"","The Philosophy of Despair","Jordan, David Starr","Philosophy","en"
"106",4754,"  Ah Love, could thou and I with Him conspire","The Philosophy of Despair","Jordan, David Starr","Philosophy","en"
"107",4754,"  To grasp this sorry scheme of Things entire,","The Philosophy of Despair","Jordan, David Starr","Philosophy","en"
"108",4754,"  Would we not shatter it to bits--and then","The Philosophy of Despair","Jordan, David Starr","Philosophy","en"
"109",4754,"  Re-mould it nearer to the heart's desire!","The Philosophy of Despair","Jordan, David Starr","Philosophy","en"
"110",4754,"","The Philosophy of Despair","Jordan, David Starr","Philosophy","en"
"111",4754,"  Yon rising Moon that looks for us again--","The Philosophy of Despair","Jordan, David Starr","Philosophy","en"
"112",4754,"  How oft hereafter will she wax and wane;","The Philosophy of Despair","Jordan, David Starr","Philosophy","en"
"113",4754,"  How oft hereafter rising look for us","The Philosophy of Despair","Jordan, David Starr","Philosophy","en"
"114",4754,"  Through this same garden--and for one in vain!","The Philosophy of Despair","Jordan, David Starr","Philosophy","en"
"115",4754,"","The Philosophy of Despair","Jordan, David Starr","Philosophy","en"
"116",4754,"  And when like her, O Saki, you shall pass","The Philosophy of Despair","Jordan, David Starr","Philosophy","en"
"117",4754,"  Among the guests, star-scattered on the grass,","The Philosophy of Despair","Jordan, David Starr","Philosophy","en"
"118",4754,"  And in your blissful errand reach the spot","The Philosophy of Despair","Jordan, David Starr","Philosophy","en"
"119",4754,"  Where I made one--turn down an empty glass!","The Philosophy of Despair","Jordan, David Starr","Philosophy","en"
"120",4754,"","The Philosophy of Despair","Jordan, David Starr","Philosophy","en"
"121",4754,"  * * *","The Philosophy of Despair","Jordan, David Starr","Philosophy","en"
"122",4754,"","The Philosophy of Despair","Jordan, David Starr","Philosophy","en"
"123",4754,"And, again, in another poem from Carmen Silva's Roumanian folk-songs:","The Philosophy of Despair","Jordan, David Starr","Philosophy","en"
"124",4754,"","The Philosophy of Despair","Jordan, David Starr","Philosophy","en"
"125",4754,"  Hopeless.","The Philosophy of Despair","Jordan, David Starr","Philosophy","en"
"126",4754,"","The Philosophy of Despair","Jordan, David Starr","Philosophy","en"
"127",4754,"  Into the mist I gazed, and fear came on me,","The Philosophy of Despair","Jordan, David Starr","Philosophy","en"
"128",4754,"  Then said the mist: ""I weep for the lost sun.""","The Philosophy of Despair","Jordan, David Starr","Philosophy","en"
"129",4754,"","The Philosophy of Despair","Jordan, David Starr","Philosophy","en"
"130",4754,"  We sat beneath our tent;","The Philosophy of Despair","Jordan, David Starr","Philosophy","en"
"131",4754,"  Then he that hath no hope drew near us there,","The Philosophy of Despair","Jordan, David Starr","Philosophy","en"
"132",4754,"  And sat him down by us.","The Philosophy of Despair","Jordan, David Starr","Philosophy","en"
"133",4754,"  We asked him: ""Hast thou seen the plains, the mountains?""","The Philosophy of Despair","Jordan, David Starr","Philosophy","en"
"134",4754,"  And he made answer: ""I have seen them all.""","The Philosophy of Despair","Jordan, David Starr","Philosophy","en"
"135",4754,"  And then his cloak he showed us, and his shirt,","The Philosophy of Despair","Jordan, David Starr","Philosophy","en"
"136",4754,"  Torn was the shirt, there, close above the heart,","The Philosophy of Despair","Jordan, David Starr","Philosophy","en"
"137",4754,"  Pierced was the breast, there, close above the heart--","The Philosophy of Despair","Jordan, David Starr","Philosophy","en"
"138",4754,"  The heart was gone.","The Philosophy of Despair","Jordan, David Starr","Philosophy","en"
"139",4754,"  And yet he trembled not, the while we looked,","The Philosophy of Despair","Jordan, David Starr","Philosophy","en"
"140",4754,"  And sought the heart, the heart that was not there.","The Philosophy of Despair","Jordan, David Starr","Philosophy","en"
"141",4754,"  He let us look. And he that had no hope","The Philosophy of Despair","Jordan, David Starr","Philosophy","en"
"142",4754,"  Smiled, that we grew so pale, and sang us songs.","The Philosophy of Despair","Jordan, David Starr","Philosophy","en"
"143",4754,"  Then we did envy him, that he could sing","The Philosophy of Despair","Jordan, David Starr","Philosophy","en"
"144",4754,"  Without a heart to suffer what he sang.","The Philosophy of Despair","Jordan, David Starr","Philosophy","en"
"145",4754,"  And when he went, he cast his cloak about him,","The Philosophy of Despair","Jordan, David Starr","Philosophy","en"
"146",4754,"  And those that met him, they could never guess","The Philosophy of Despair","Jordan, David Starr","Philosophy","en"
"147",4754,"  How that his shirt was torn about the heart,","The Philosophy of Despair","Jordan, David Starr","Philosophy","en"
"148",4754,"  And that his breast was pierced above the heart,","The Philosophy of Despair","Jordan, David Starr","Philosophy","en"
"149",4754,"  And that the heart was gone.","The Philosophy of Despair","Jordan, David Starr","Philosophy","en"
"150",4754,"","The Philosophy of Despair","Jordan, David Starr","Philosophy","en"
"151",4754,"  I gazed into the mist, and fear came on me,","The Philosophy of Despair","Jordan, David Starr","Philosophy","en"
"152",4754,"  Then said the mist: ""I weep for the lost sun.""","The Philosophy of Despair","Jordan, David Starr","Philosophy","en"
"153",4754,"","The Philosophy of Despair","Jordan, David Starr","Philosophy","en"
"154",4754,"This poem of Omar and of Fitzgerald is perhaps our best expression of","The Philosophy of Despair","Jordan, David Starr","Philosophy","en"
"155",4754,"the sadness and the grandeur of insoluble problems. It is the sweetness","The Philosophy of Despair","Jordan, David Starr","Philosophy","en"
"156",4754,"of philosophical sorrow which has no kinship with misery or distress. In","The Philosophy of Despair","Jordan, David Starr","Philosophy","en"
"157",4754,"the strains of the saddest music the soul finds the keenest delight. The","The Philosophy of Despair","Jordan, David Starr","Philosophy","en"
"158",4754,"same sweet, sorrowful pleasure is felt in the play of the mind about the","The Philosophy of Despair","Jordan, David Starr","Philosophy","en"
"159",4754,"riddles which it cannot solve.","The Philosophy of Despair","Jordan, David Starr","Philosophy","en"
"160",4754,"","The Philosophy of Despair","Jordan, David Starr","Philosophy","en"
"161",4754,"In the presence of the infinite problem of life, the voice of Science is","The Philosophy of Despair","Jordan, David Starr","Philosophy","en"
"162",4754,"dumb, for Science is the coordinate and corrected expression of human","The Philosophy of Despair","Jordan, David Starr","Philosophy","en"
"163",4754,"experience, and human experience must stop with the limitations of human","The Philosophy of Despair","Jordan, David Starr","Philosophy","en"
"164",4754,"life. Man was not present ""When the foundations of the Earth were laid,""","The Philosophy of Despair","Jordan, David Starr","Philosophy","en"
"165",4754,"and beyond the certainty that they were laid in wisdom and power, man","The Philosophy of Despair","Jordan, David Starr","Philosophy","en"
"166",4754,"can say little about them. Man finds in the economy of nature ""no trace","The Philosophy of Despair","Jordan, David Starr","Philosophy","en"
"167",4754,"of a beginning; no prospect of an end!"" He may feel sure, with Hutton,","The Philosophy of Despair","Jordan, David Starr","Philosophy","en"
"168",4754,"that ""time is as long as space is wide."" But he cannot conceive of space","The Philosophy of Despair","Jordan, David Starr","Philosophy","en"
"169",4754,"as actually without limit, nor can he imagine any limiting conditions.","The Philosophy of Despair","Jordan, David Starr","Philosophy","en"
"170",4754,"He cannot think of a period before time began, nor of a state in which","The Philosophy of Despair","Jordan, David Starr","Philosophy","en"
"171",4754,"time shall be no more. The mind fails before the idea of time's eternal","The Philosophy of Despair","Jordan, David Starr","Philosophy","en"
"172",4754,"continuity. So time becomes to man merely the sequence of the earthly","The Philosophy of Despair","Jordan, David Starr","Philosophy","en"
"173",4754,"events in which he and his ancestors have taken part. Even thus limited","The Philosophy of Despair","Jordan, David Starr","Philosophy","en"
"174",4754,"it is sadly immortal, while man's stay on the earth is but of ""few days","The Philosophy of Despair","Jordan, David Starr","Philosophy","en"
"175",4754,"and full of trouble."" ""Oh, but the long, long while this world shall","The Philosophy of Despair","Jordan, David Starr","Philosophy","en"
"176",4754,"last!"" or as the grim humorist puts it, ""we shall be a long time dead.""","The Philosophy of Despair","Jordan, David Starr","Philosophy","en"
"177",4754,"","The Philosophy of Despair","Jordan, David Starr","Philosophy","en"
"178",4754,"Though the meaning of time, space, existence lies beyond our reach, yet","The Philosophy of Despair","Jordan, David Starr","Philosophy","en"
"179",4754,"some sort of solution of the infinite problem the human heart demands.","The Philosophy of Despair","Jordan, David Starr","Philosophy","en"
"180",4754,"We find in life a power for action, limited though this power may be.","The Philosophy of Despair","Jordan, David Starr","Philosophy","en"
"181",4754,"Life is action, and action is impossible if devoid of motive or hope.","The Philosophy of Despair","Jordan, David Starr","Philosophy","en"
"182",4754,"","The Philosophy of Despair","Jordan, David Starr","Philosophy","en"
"183",4754,"It is my purpose here to indicate some part of the answer of Science to","The Philosophy of Despair","Jordan, David Starr","Philosophy","en"
"184",4754,"the Philosophy of Despair. Direct reply Science has none. We cannot","The Philosophy of Despair","Jordan, David Starr","Philosophy","en"
"185",4754,"argue against a singer or a poet. The poet sings of what he feels, but","The Philosophy of Despair","Jordan, David Starr","Philosophy","en"
"186",4754,"Science speaks only of what we know. We feel infinity, but we cannot","The Philosophy of Despair","Jordan, David Starr","Philosophy","en"
"187",4754,"know it, for to the highest human wisdom the ultimate truths of the","The Philosophy of Despair","Jordan, David Starr","Philosophy","en"
"188",4754,"universe are no nearer than to the child. Science knows no ultimate","The Philosophy of Despair","Jordan, David Starr","Philosophy","en"
"189",4754,"truths. These are beyond the reach of man, and all that man knows must","The Philosophy of Despair","Jordan, David Starr","Philosophy","en"
"190",4754,"be stated in terms of his experience. But as to human experience and","The Philosophy of Despair","Jordan, David Starr","Philosophy","en"
"191",4754,"conduct, Science has a word to say.","The Philosophy of Despair","Jordan, David Starr","Philosophy","en"
"192",4754,"","The Philosophy of Despair","Jordan, David Starr","Philosophy","en"
"193",4754,"Therefore Science can speak of the causes and results of Pessimism. It","The Philosophy of Despair","Jordan, David Starr","Philosophy","en"
"194",4754,"can touch the practical side of the riddle of life by asking certain","The Philosophy of Despair","Jordan, David Starr","Philosophy","en"
"195",4754,"questions, the answers to which lie within the province of human","The Philosophy of Despair","Jordan, David Starr","Philosophy","en"
"196",4754,"experience. Among these are the following:","The Philosophy of Despair","Jordan, David Starr","Philosophy","en"
"197",4754,"","The Philosophy of Despair","Jordan, David Starr","Philosophy","en"
"198",4754,"Why is there a ""Philosophy of Despair?""","The Philosophy of Despair","Jordan, David Starr","Philosophy","en"
"199",4754,"","The Philosophy of Despair","Jordan, David Starr","Philosophy","en"
"200",4754,"Can Despair be wrought into healthful life?","The Philosophy of Despair","Jordan, David Starr","Philosophy","en"
"201",4754,"","The Philosophy of Despair","Jordan, David Starr","Philosophy","en"
"202",4754,"In what part of the Universe are you and what are you doing?","The Philosophy of Despair","Jordan, David Starr","Philosophy","en"
"203",4754,"","The Philosophy of Despair","Jordan, David Starr","Philosophy","en"
"204",4754,"Personal despair or discouragement may rise from failure of strength or","The Philosophy of Despair","Jordan, David Starr","Philosophy","en"
"205",4754,"failure of plans. This is a matter of every-day occurrence. The ""best","The Philosophy of Despair","Jordan, David Starr","Philosophy","en"
"206",4754,"laid schemes o' mice and men"" generally go wrong, no doubt, but this","The Philosophy of Despair","Jordan, David Starr","Philosophy","en"
"207",4754,"fact has little to do with the Philosophy of Pessimism. It is natural","The Philosophy of Despair","Jordan, David Starr","Philosophy","en"
"208",4754,"for mice and men to try again and to gain wisdom from failures. ""By the","The Philosophy of Despair","Jordan, David Starr","Philosophy","en"
"209",4754,"embers of loss we count our gains.""","The Philosophy of Despair","Jordan, David Starr","Philosophy","en"
"210",4754,"","The Philosophy of Despair","Jordan, David Starr","Philosophy","en"
"211",4754,"The Pessimism of Youth we may first consider: In the transition from","The Philosophy of Despair","Jordan, David Starr","Philosophy","en"
"212",4754,"childhood to manhood great changes take place in the nervous system.","The Philosophy of Despair","Jordan, David Starr","Philosophy","en"
"213",4754,"There is for a time a period of confusion, in which the nerve cells are","The Philosophy of Despair","Jordan, David Starr","Philosophy","en"
"214",4754,"acquiring new powers and new relations. This is followed by a time of","The Philosophy of Despair","Jordan, David Starr","Philosophy","en"
"215",4754,"joy and exuberance, a sense of a new life in a new world, a feeling of","The Philosophy of Despair","Jordan, David Starr","Philosophy","en"
"216",4754,"new power and adequacy, the thought that life is richer and better worth","The Philosophy of Despair","Jordan, David Starr","Philosophy","en"
"217",4754,"living than the child could have supposed.","The Philosophy of Despair","Jordan, David Starr","Philosophy","en"
"218",4754,"","The Philosophy of Despair","Jordan, David Starr","Philosophy","en"
"219",4754,"To this in turn comes a feeling of reaction. The joys of life have been","The Philosophy of Despair","Jordan, David Starr","Philosophy","en"
"220",4754,"a thousand times felt before they come to us. We are but following part","The Philosophy of Despair","Jordan, David Starr","Philosophy","en"
"221",4754,"of a cut-and-dried program, ""performing actions and reciting speeches","The Philosophy of Despair","Jordan, David Starr","Philosophy","en"
"222",4754,"made up for us centuries before we were born."" The new power of manhood","The Philosophy of Despair","Jordan, David Starr","Philosophy","en"
"223",4754,"and womanhood which seemed so wonderful find their close limitations. As","The Philosophy of Despair","Jordan, David Starr","Philosophy","en"
"224",4754,"our own part in the Universe seems to shrink as we take our place in it,","The Philosophy of Despair","Jordan, David Starr","Philosophy","en"
"225",4754,"so does the Universe itself seem to grow small, hard and unsympathetic.","The Philosophy of Despair","Jordan, David Starr","Philosophy","en"
"226",4754,"Very few young men or young women of strength and feeling fail to pass","The Philosophy of Despair","Jordan, David Starr","Philosophy","en"
"227",4754,"through a period of Pessimism. With some it is merely an affectation","The Philosophy of Despair","Jordan, David Starr","Philosophy","en"
"228",4754,"caught from the cheap literature of decadence. It then may find","The Philosophy of Despair","Jordan, David Starr","Philosophy","en"
"229",4754,"expression in imitation, as a few years ago the sad-hearted youth turned","The Philosophy of Despair","Jordan, David Starr","Philosophy","en"
"230",4754,"down his collar in sympathy with the ""conspicuous loneliness"" that took","The Philosophy of Despair","Jordan, David Starr","Philosophy","en"
"231",4754,"the starch out of the collar of Byron. ""The youth,"" says Zangwill,","The Philosophy of Despair","Jordan, David Starr","Philosophy","en"
"232",4754,"""says bitter things about Life which Life would have winced to hear had","The Philosophy of Despair","Jordan, David Starr","Philosophy","en"
"233",4754,"it been alive."" With others Pessimism has deeper roots and finds its","The Philosophy of Despair","Jordan, David Starr","Philosophy","en"
"234",4754,"expression in the poetry or philosophy of real despair.","The Philosophy of Despair","Jordan, David Starr","Philosophy","en"
"235",4754,"","The Philosophy of Despair","Jordan, David Starr","Philosophy","en"
"236",4754,"This adolescent Pessimism cannot be wrought into action. The mood","The Philosophy of Despair","Jordan, David Starr","Philosophy","en"
"237",4754,"disappears when real action is demanded. The Pessimism of youth vanishes","The Philosophy of Despair","Jordan, David Starr","Philosophy","en"
"238",4754,"with the coming of life. Through the rush of the new century, the fad of","The Philosophy of Despair","Jordan, David Starr","Philosophy","en"
"239",4754,"the drooping spirit has already given way to the fad of the strenuous","The Philosophy of Despair","Jordan, David Starr","Philosophy","en"
"240",4754,"life. Equally unreasoning it may be, but far more wholesome.","The Philosophy of Despair","Jordan, David Starr","Philosophy","en"
"241",4754,"","The Philosophy of Despair","Jordan, David Starr","Philosophy","en"
"242",4754,"But if action is impossible, the mood remains. And here arises the","The Philosophy of Despair","Jordan, David Starr","Philosophy","en"
"243",4754,"despair of the highly educated. The purpose of knowledge is action. But","The Philosophy of Despair","Jordan, David Starr","Philosophy","en"
"244",4754,"to refuse action is to secure time for the acquisition of more","The Philosophy of Despair","Jordan, David Starr","Philosophy","en"
"245",4754,"knowledge. It is written in the very structure of the brain that each","The Philosophy of Despair","Jordan, David Starr","Philosophy","en"
"246",4754,"impression of the senses must bring with it the impulse to act. To","The Philosophy of Despair","Jordan, David Starr","Philosophy","en"
"247",4754,"resist this impulse is in turn to destroy it and to substitute a dull","The Philosophy of Despair","Jordan, David Starr","Philosophy","en"
"248",4754,"soul-ache in its place. ""Much study is a weariness of the flesh, and the","The Philosophy of Despair","Jordan, David Starr","Philosophy","en"
"249",4754,"experience of all the ages brings only despair if it cannot be wrought","The Philosophy of Despair","Jordan, David Starr","Philosophy","en"
"250",4754,"into life. This lack of balance between knowledge and achievement is the","The Philosophy of Despair","Jordan, David Starr","Philosophy","en"
"251",4754,"main element in a form of ineffectiveness which with various others has","The Philosophy of Despair","Jordan, David Starr","Philosophy","en"
"252",4754,"been uncritically called Degeneration. As the common pleasures which","The Philosophy of Despair","Jordan, David Starr","Philosophy","en"
"253",4754,"arise from active life become impossible or distasteful, the desire for","The Philosophy of Despair","Jordan, David Starr","Philosophy","en"
"254",4754,"more intense and novel joys comes in, and with the goading of the thirst","The Philosophy of Despair","Jordan, David Starr","Philosophy","en"
"255",4754,"for these comes ever deeper discouragement.","The Philosophy of Despair","Jordan, David Starr","Philosophy","en"
"256",4754,"","The Philosophy of Despair","Jordan, David Starr","Philosophy","en"
"257",4754,"At the best, the tendency of large knowledge, not vitalized by practical","The Philosophy of Despair","Jordan, David Starr","Philosophy","en"
"258",4754,"experience, is to spend itself in cynical criticism, in futile efforts","The Philosophy of Despair","Jordan, David Starr","Philosophy","en"
"259",4754,"to tear down without feeling the higher obligation to build up. For it","The Philosophy of Despair","Jordan, David Starr","Philosophy","en"
"260",4754,"is the essence of this form of Pessimism to feel that there is nothing","The Philosophy of Despair","Jordan, David Starr","Philosophy","en"
"261",4754,"on earth worth the trouble of building. The real is only a ""sneering","The Philosophy of Despair","Jordan, David Starr","Philosophy","en"
"262",4754,"comment"" on the ideal, and man's life is too short to make any action","The Philosophy of Despair","Jordan, David Starr","Philosophy","en"
"263",4754,"worth while.","The Philosophy of Despair","Jordan, David Starr","Philosophy","en"
"264",4754,"","The Philosophy of Despair","Jordan, David Starr","Philosophy","en"
"265",4754,"  ""With her the seed of Wisdom did I sow,","The Philosophy of Despair","Jordan, David Starr","Philosophy","en"
"266",4754,"  And with mine own hands wrought to make it grow;","The Philosophy of Despair","Jordan, David Starr","Philosophy","en"
"267",4754,"  And this is all the harvest that I reap'd,","The Philosophy of Despair","Jordan, David Starr","Philosophy","en"
"268",4754,"  'I come like water, and like wind I go.'""","The Philosophy of Despair","Jordan, David Starr","Philosophy","en"
"269",4754,"","The Philosophy of Despair","Jordan, David Starr","Philosophy","en"
"270",4754,"One of the few things that we may know in life is this, that it is","The Philosophy of Despair","Jordan, David Starr","Philosophy","en"
"271",4754,"impossible for man to know anything absolutely. The power of reasoning","The Philosophy of Despair","Jordan, David Starr","Philosophy","en"
"272",4754,"is a mere ""by-product in the process of Evolution."" It is but an","The Philosophy of Despair","Jordan, David Starr","Philosophy","en"
"273",4754,"instrument to help out the confusion of the senses, and it is","The Philosophy of Despair","Jordan, David Starr","Philosophy","en"
"274",4754,"conditioned by the accuracy of the sense-perceptions with which it","The Philosophy of Despair","Jordan, David Starr","Philosophy","en"
"275",4754,"deals. There is no appeal from experience to reason, for reason is","The Philosophy of Despair","Jordan, David Starr","Philosophy","en"
"276",4754,"powerless to act save on the facts of human experience. Speculative","The Philosophy of Despair","Jordan, David Starr","Philosophy","en"
"277",4754,"philosophy can teach us nothing. The senses and the reason are intensely","The Philosophy of Despair","Jordan, David Starr","Philosophy","en"
"278",4754,"practical and all, our faculties are primarily adapted to immediate","The Philosophy of Despair","Jordan, David Starr","Philosophy","en"
"279",4754,"purposes. Instruments such as these cannot serve to probe the nature of","The Philosophy of Despair","Jordan, David Starr","Philosophy","en"
"280",4754,"the infinite. But no other instruments lie within reach of man. If we","The Philosophy of Despair","Jordan, David Starr","Philosophy","en"
"281",4754,"cannot ""reach the heart of reality"" by reason, what indeed can we reach?","The Philosophy of Despair","Jordan, David Starr","Philosophy","en"
"282",4754,"What right have we to know or to believe? And if we can know or believe","The Philosophy of Despair","Jordan, David Starr","Philosophy","en"
"283",4754,"nothing, what should we try to do? And how indeed can we do anything?","The Philosophy of Despair","Jordan, David Starr","Philosophy","en"
"284",4754,"Every man's fate is determined by his heredity and his environment. In","The Philosophy of Despair","Jordan, David Starr","Philosophy","en"
"285",4754,"the Arab proverb he is born with his fate bound to his neck. In the","The Philosophy of Despair","Jordan, David Starr","Philosophy","en"
"286",4754,"course of life we must do that which has been already cut out for us.","The Philosophy of Despair","Jordan, David Starr","Philosophy","en"
"287",4754,"Our parts were laid for us long before we appeared to take them. He is","The Philosophy of Despair","Jordan, David Starr","Philosophy","en"
"288",4754,"indeed a strong man who can vary the cast or give a different cue to","The Philosophy of Despair","Jordan, David Starr","Philosophy","en"
"289",4754,"those who follow. Nature is no respecter of persons, and to suppose that","The Philosophy of Despair","Jordan, David Starr","Philosophy","en"
"290",4754,"any man is in any degree ""the arbiter of his own destiny"" is pure","The Philosophy of Despair","Jordan, David Starr","Philosophy","en"
"291",4754,"illusion. We are thrust forth into life, against our will. Against our","The Philosophy of Despair","Jordan, David Starr","Philosophy","en"
"292",4754,"will we are forced to leave it. We find ourselves, as has been said, ""on","The Philosophy of Despair","Jordan, David Starr","Philosophy","en"
"293",4754,"a steep incline, where we can veer but little to the left or right"";","The Philosophy of Despair","Jordan, David Starr","Philosophy","en"
"294",4754,"whichever way we move we fall finally to the very bottom. The fires we","The Philosophy of Despair","Jordan, David Starr","Philosophy","en"
"295",4754,"kindle die away in coals; castles we build vanish before our eyes. The","The Philosophy of Despair","Jordan, David Starr","Philosophy","en"
"296",4754,"river sinks in the sands of the desert. The character we form by our","The Philosophy of Despair","Jordan, David Starr","Philosophy","en"
"297",4754,"efforts disintegrates in spite of our effort. If life be spared we find","The Philosophy of Despair","Jordan, David Starr","Philosophy","en"
"298",4754,"ourselves once again helpless children. Whichever way we turn we may","The Philosophy of Despair","Jordan, David Starr","Philosophy","en"
"299",4754,"describe the course of life in metaphors of discouragement.","The Philosophy of Despair","Jordan, David Starr","Philosophy","en"
"300",4754,"","The Philosophy of Despair","Jordan, David Starr","Philosophy","en"
"301",4754,"To the pessimistic philosopher the progress of the race is also mere","The Philosophy of Despair","Jordan, David Starr","Philosophy","en"
"302",4754,"illusion. There is no progress, only adaptation. Every creature must fit","The Philosophy of Despair","Jordan, David Starr","Philosophy","en"
"303",4754,"itself to its environment or pass away. The beast fits the forest for","The Philosophy of Despair","Jordan, David Starr","Philosophy","en"
"304",4754,"the same reason that the river fits its bed. Life is only possible under","The Philosophy of Despair","Jordan, David Starr","Philosophy","en"
"305",4754,"the rare conditions in which life is not destroyed.","The Philosophy of Despair","Jordan, David Starr","Philosophy","en"
"306",4754,"","The Philosophy of Despair","Jordan, David Starr","Philosophy","en"
"307",4754,"In such fashion we may ring the changes of the despair of philosophy. If","The Philosophy of Despair","Jordan, David Starr","Philosophy","en"
"308",4754,"we are to take up the threads of life by the farther end only, we shall","The Philosophy of Despair","Jordan, David Starr","Philosophy","en"
"309",4754,"never begin to live, for only those which lie next us can ever be in our","The Philosophy of Despair","Jordan, David Starr","Philosophy","en"
"310",4754,"hand. To grasp at ultimate truth is to be forever empty-handed. To reach","The Philosophy of Despair","Jordan, David Starr","Philosophy","en"
"311",4754,"for the ultimate end of action is never to begin to act.","The Philosophy of Despair","Jordan, David Starr","Philosophy","en"
"312",4754,"","The Philosophy of Despair","Jordan, David Starr","Philosophy","en"
"313",4754,"Deeper and more worthy of respect is the sadness of science. The effort","The Philosophy of Despair","Jordan, David Starr","Philosophy","en"
"314",4754,"""to see things as they really are,"" to get out of all make-believe and","The Philosophy of Despair","Jordan, David Starr","Philosophy","en"
"315",4754,"to secure that ""absolute veracity of thought"" without which sound action","The Philosophy of Despair","Jordan, David Starr","Philosophy","en"
"316",4754,"is impossible does not always lead to hopefulness.","The Philosophy of Despair","Jordan, David Starr","Philosophy","en"
"317",4754,"","The Philosophy of Despair","Jordan, David Starr","Philosophy","en"
"318",4754,"There is much to discourage in human history,--in the facts of human","The Philosophy of Despair","Jordan, David Starr","Philosophy","en"
"319",4754,"life. The common man, after all the ages, is still very common. He is","The Philosophy of Despair","Jordan, David Starr","Philosophy","en"
"320",4754,"ignorant, reckless, unjust, selfish, easily misled. All public affairs","The Philosophy of Despair","Jordan, David Starr","Philosophy","en"
"321",4754,"bear the stamp of his weakness. Especially is this shown in the","The Philosophy of Despair","Jordan, David Starr","Philosophy","en"
"322",4754,"prevalence of destructive strife. The boasted progress of civilization","The Philosophy of Despair","Jordan, David Starr","Philosophy","en"
"323",4754,"is dissolved in the barbarism of war. Whether glory or conquest or","The Philosophy of Despair","Jordan, David Starr","Philosophy","en"
"324",4754,"commercial greed be war's purpose, the ultimate result of war is death.","The Philosophy of Despair","Jordan, David Starr","Philosophy","en"
"325",4754,"Its essential feature is the slaughter of the young, the brave, the","The Philosophy of Despair","Jordan, David Starr","Philosophy","en"
"326",4754,"ambitious, the hopeful, leaving the weak, the sickly, the discouraged to","The Philosophy of Despair","Jordan, David Starr","Philosophy","en"
"327",4754,"perpetuate the race. Thus all militant, nations become decadent ones.","The Philosophy of Despair","Jordan, David Starr","Philosophy","en"
"328",4754,"Thus the glory of Rome, her conquests and her splendor of achievement,","The Philosophy of Despair","Jordan, David Starr","Philosophy","en"
"329",4754,"left the Romans at home a nation of cowards, and such they are to this","The Philosophy of Despair","Jordan, David Starr","Philosophy","en"
"330",4754,"day. For those who survive are not the sons of the Romans, but of the","The Philosophy of Despair","Jordan, David Starr","Philosophy","en"
"331",4754,"slaves, scullions, the idlers and camp-followers whom the years of Roman","The Philosophy of Despair","Jordan, David Starr","Philosophy","en"
"332",4754,"glory could not use and did not destroy. War blasts and withers all that","The Philosophy of Despair","Jordan, David Starr","Philosophy","en"
"333",4754,"is worthy in the works of man.","The Philosophy of Despair","Jordan, David Starr","Philosophy","en"
"334",4754,"","The Philosophy of Despair","Jordan, David Starr","Philosophy","en"
"335",4754,"That there seems no way out of this is the cause of the sullen despair","The Philosophy of Despair","Jordan, David Starr","Philosophy","en"
"336",4754,"of so many scholars of Continental Europe. The millennium is not in","The Philosophy of Despair","Jordan, David Starr","Philosophy","en"
"337",4754,"sight. It is farther away than fifty years ago. The future is narrowing","The Philosophy of Despair","Jordan, David Starr","Philosophy","en"
"338",4754,"down and men do not care to forecast it. It is enough to grasp what we","The Philosophy of Despair","Jordan, David Starr","Philosophy","en"
"339",4754,"may of the present. We hear ""the ring of the hammer on the scaffold.""","The Philosophy of Despair","Jordan, David Starr","Philosophy","en"
"340",4754,"""Let us eat and drink, for tomorrow we die."" ""The sad kings,"" in","The Philosophy of Despair","Jordan, David Starr","Philosophy","en"
"341",4754,"Watson's phrase, can only pile up fuel for their own destruction, and","The Philosophy of Despair","Jordan, David Starr","Philosophy","en"
"342",4754,"the failure of force will release the unholy brood which force has","The Philosophy of Despair","Jordan, David Starr","Philosophy","en"
"343",4754,"caused to develop. The winds of freedom are tainted by sulphurous","The Philosophy of Despair","Jordan, David Starr","Philosophy","en"
"344",4754,"exhalations. In all our merry-making we find with Ibsen that ""there is a","The Philosophy of Despair","Jordan, David Starr","Philosophy","en"
"345",4754,"corpse on board."" The mask is falling only to show the Death's head","The Philosophy of Despair","Jordan, David Starr","Philosophy","en"
"346",4754,"there concealed. Aristocracy, Democracy, Anarchy, Empire, the history of","The Philosophy of Despair","Jordan, David Starr","Philosophy","en"
"347",4754,"politics, is the eternal round of the Dance of Death.","The Philosophy of Despair","Jordan, David Starr","Philosophy","en"
"348",4754,"","The Philosophy of Despair","Jordan, David Starr","Philosophy","en"
"349",4754,"When we look at human nature in detail we find more of animal than of","The Philosophy of Despair","Jordan, David Starr","Philosophy","en"
"350",4754,"angel, and the ""veracity of thought and action,"" which is the choicest","The Philosophy of Despair","Jordan, David Starr","Philosophy","en"
"351",4754,"gift of Science, is lost in the happy-go-lucky movement of the human","The Philosophy of Despair","Jordan, David Starr","Philosophy","en"
"352",4754,"mob. ""To see things as they really are"" is the purpose of the philosophy","The Philosophy of Despair","Jordan, David Starr","Philosophy","en"
"353",4754,"of Pessimism in the hands of its worthiest exponents. But we know what","The Philosophy of Despair","Jordan, David Starr","Philosophy","en"
"354",4754,"is, and that alone, even were such knowledge possible, is not to know","The Philosophy of Despair","Jordan, David Starr","Philosophy","en"
"355",4754,"the truth. The higher wisdom seeks to find the forces at work to produce","The Philosophy of Despair","Jordan, David Starr","Philosophy","en"
"356",4754,"that which now is. The present time is the meeting time of forces; the","The Philosophy of Despair","Jordan, David Starr","Philosophy","en"
"357",4754,"present fact their temporary product. To the philosophy of Evolution,","The Philosophy of Despair","Jordan, David Starr","Philosophy","en"
"358",4754,"""every meanest day is the conflux of two eternities."" Each meanest fact","The Philosophy of Despair","Jordan, David Starr","Philosophy","en"
"359",4754,"is the product of the world-forces that lie behind it; each meanest man","The Philosophy of Despair","Jordan, David Starr","Philosophy","en"
"360",4754,"the resultant of the vast powers, alive in human nature, struggling","The Philosophy of Despair","Jordan, David Starr","Philosophy","en"
"361",4754,"since life began. And these forces, omnipotent and eternal, will never","The Philosophy of Despair","Jordan, David Starr","Philosophy","en"
"362",4754,"cease their work.","The Philosophy of Despair","Jordan, David Starr","Philosophy","en"
"363",4754,"","The Philosophy of Despair","Jordan, David Starr","Philosophy","en"
"364",4754,"To the philosophy of Pessimism, the child is a mere human larva, weak,","The Philosophy of Despair","Jordan, David Starr","Philosophy","en"
"365",4754,"perverse, disagreeable, the heir of mortality, with all manner of","The Philosophy of Despair","Jordan, David Starr","Philosophy","en"
"366",4754,"""defects of doubt and taints of blood,"" gathered in the long experience","The Philosophy of Despair","Jordan, David Starr","Philosophy","en"
"367",4754,"of its wretched parentage.","The Philosophy of Despair","Jordan, David Starr","Philosophy","en"
"368",4754,"","The Philosophy of Despair","Jordan, David Starr","Philosophy","en"
"369",4754,"In the more hopeful view of Evolution the child exists for its","The Philosophy of Despair","Jordan, David Starr","Philosophy","en"
"370",4754,"possibilities. The huge forces within have thrown it to the surface of","The Philosophy of Despair","Jordan, David Starr","Philosophy","en"
"371",4754,"time. They will push it onward to development, which may not be much in","The Philosophy of Despair","Jordan, David Starr","Philosophy","en"
"372",4754,"the individual case, but beyond it all lie the possibilities of its","The Philosophy of Despair","Jordan, David Starr","Philosophy","en"
"373",4754,"race. Inherent in it is the power to rise, to form its own environment,","The Philosophy of Despair","Jordan, David Starr","Philosophy","en"
"374",4754,"to stand at last superior to the blind forces by which the human will","The Philosophy of Despair","Jordan, David Starr","Philosophy","en"
"375",4754,"was made. With this thought is sure to come, in some degree, the","The Philosophy of Despair","Jordan, David Starr","Philosophy","en"
"376",4754,"certainty that the heart of the Universe is sound, that though there be","The Philosophy of Despair","Jordan, David Starr","Philosophy","en"
"377",4754,"so many of us in the world, each must have his place, and each at last","The Philosophy of Despair","Jordan, David Starr","Philosophy","en"
"378",4754,"""be somehow needful to infinity."" We can see that each least creature","The Philosophy of Despair","Jordan, David Starr","Philosophy","en"
"379",4754,"has its need for being. The present justifies the past. It is the","The Philosophy of Despair","Jordan, David Starr","Philosophy","en"
"380",4754,"transcendent future which renders the commonplace present possible.","The Philosophy of Despair","Jordan, David Starr","Philosophy","en"
"381",4754,"","The Philosophy of Despair","Jordan, David Starr","Philosophy","en"
"382",4754,"  The ""dragons of the prime,","The Philosophy of Despair","Jordan, David Starr","Philosophy","en"
"383",4754,"  That tore each other in the slime,""","The Philosophy of Despair","Jordan, David Starr","Philosophy","en"
"384",4754,"","The Philosophy of Despair","Jordan, David Starr","Philosophy","en"
"385",4754,"lived and fought that we their descendants may realize ourselves in","The Philosophy of Despair","Jordan, David Starr","Philosophy","en"
"386",4754,"""lives made beautiful and sweet,"" through all unlikeness to dragons. It","The Philosophy of Despair","Jordan, David Starr","Philosophy","en"
"387",4754,"was necessary that every foot of soil in Europe should be crimsoned by","The Philosophy of Despair","Jordan, David Starr","Philosophy","en"
"388",4754,"blood, wantonly shed, to bring the relative peace and tolerance of the","The Philosophy of Despair","Jordan, David Starr","Philosophy","en"
"389",4754,"civilization of Europe today. It always ""needs that offense must come""","The Philosophy of Despair","Jordan, David Starr","Philosophy","en"
"390",4754,"to bring about the better condition in which each particular offense","The Philosophy of Despair","Jordan, David Starr","Philosophy","en"
"391",4754,"shall be done away. For the evolution of life is not in straight lines","The Philosophy of Despair","Jordan, David Starr","Philosophy","en"
"392",4754,"from lower to higher things, but runs rather in wavering spirals. It is","The Philosophy of Despair","Jordan, David Starr","Philosophy","en"
"393",4754,"the resultant of stress and storm. The evil and failure which darken the","The Philosophy of Despair","Jordan, David Starr","Philosophy","en"
"394",4754,"present are necessary to the illumination of the future. Time is long.","The Philosophy of Despair","Jordan, David Starr","Philosophy","en"
"395",4754,"""God tosses back to man his failures"" one by one, and gives him time and","The Philosophy of Despair","Jordan, David Starr","Philosophy","en"
"396",4754,"strength to try again.","The Philosophy of Despair","Jordan, David Starr","Philosophy","en"
"397",4754,"","The Philosophy of Despair","Jordan, David Starr","Philosophy","en"
"398",4754,"According to Schopenhauer, we move across the stage of life stung by","The Philosophy of Despair","Jordan, David Starr","Philosophy","en"
"399",4754,"appetite and goaded by desire, in pain unceasing, the sole respite from","The Philosophy of Despair","Jordan, David Starr","Philosophy","en"
"400",4754,"pain, the instant in which desire is lost in satisfaction. To do away","The Philosophy of Despair","Jordan, David Starr","Philosophy","en"
"401",4754,"with desire is to destroy pain, but it also destroys existence. Desire","The Philosophy of Despair","Jordan, David Starr","Philosophy","en"
"402",4754,"is lost where the ""mouth is stopped with dust,"" and with death only","The Philosophy of Despair","Jordan, David Starr","Philosophy","en"
"403",4754,"comes relief from pain.","The Philosophy of Despair","Jordan, David Starr","Philosophy","en"
"404",4754,"","The Philosophy of Despair","Jordan, David Starr","Philosophy","en"
"405",4754,"Thus the Pessimist tells us that ""the only reality in life is pain."" But","The Philosophy of Despair","Jordan, David Starr","Philosophy","en"
"406",4754,"surely this is not the truth. He who knows no reality save appetite has","The Philosophy of Despair","Jordan, David Starr","Philosophy","en"
"407",4754,"never known life at all. The realities in life are love and action; not","The Philosophy of Despair","Jordan, David Starr","Philosophy","en"
"408",4754,"desire, but the exercise of our appointed functions.","The Philosophy of Despair","Jordan, David Starr","Philosophy","en"
"409",4754,"","The Philosophy of Despair","Jordan, David Starr","Philosophy","en"
"410",4754,"Action follows sensation. The more we have to do the more accurate must","The Philosophy of Despair","Jordan, David Starr","Philosophy","en"
"411",4754,"be our sensations, the greater the hold environment has upon us. Broader","The Philosophy of Despair","Jordan, David Starr","Philosophy","en"
"412",4754,"activities demand better knowledge of our surroundings. Greater","The Philosophy of Despair","Jordan, David Starr","Philosophy","en"
"413",4754,"sensitiveness to external things means greater capacity for pain, hence","The Philosophy of Despair","Jordan, David Starr","Philosophy","en"
"414",4754,"greater suffering, when the natural channels of effort are closed. Thus","The Philosophy of Despair","Jordan, David Starr","Philosophy","en"
"415",4754,"arises the hope for nothingness in which many sensitive souls have","The Philosophy of Despair","Jordan, David Starr","Philosophy","en"
"416",4754,"indulged. With no surroundings at all, or with environment that never","The Philosophy of Despair","Jordan, David Starr","Philosophy","en"
"417",4754,"varies, there could be no sense-perception. To see nothing, to feel","The Philosophy of Despair","Jordan, David Starr","Philosophy","en"
"418",4754,"nothing--there could be no demand for action. With no failure of action","The Philosophy of Despair","Jordan, David Starr","Philosophy","en"
"419",4754,"there could be no weariness. From the varied environment of earthly life","The Philosophy of Despair","Jordan, David Starr","Philosophy","en"
"420",4754,"spring, through adaptation, the varied powers and varied sensibilities,","The Philosophy of Despair","Jordan, David Starr","Philosophy","en"
"421",4754,"susceptibilities to joy and pain as well as the rest. The greater the","The Philosophy of Despair","Jordan, David Starr","Philosophy","en"
"422",4754,"sensitiveness the greater the capacity for suffering. Hence the","The Philosophy of Despair","Jordan, David Starr","Philosophy","en"
"423",4754,"""quenching of desire,"" the ""turning toward Nirvana, the desire to","The Philosophy of Despair","Jordan, David Starr","Philosophy","en"
"424",4754,"escape from the hideous bustle of a world in which we are able to take","The Philosophy of Despair","Jordan, David Starr","Philosophy","en"
"425",4754,"no part, is a natural impulse with the soul which feels but cannot or","The Philosophy of Despair","Jordan, David Starr","Philosophy","en"
"426",4754,"will not act.","The Philosophy of Despair","Jordan, David Starr","Philosophy","en"
"427",4754,"","The Philosophy of Despair","Jordan, David Starr","Philosophy","en"
"428",4754,"  ""Can it be, O Christ in Heaven,","The Philosophy of Despair","Jordan, David Starr","Philosophy","en"
"429",4754,"  That the highest suffer most,","The Philosophy of Despair","Jordan, David Starr","Philosophy","en"
"430",4754,"  That the strongest wander farthest","The Philosophy of Despair","Jordan, David Starr","Philosophy","en"
"431",4754,"  And most hopelessly are lost?--","The Philosophy of Despair","Jordan, David Starr","Philosophy","en"
"432",4754,"","The Philosophy of Despair","Jordan, David Starr","Philosophy","en"
"433",4754,"  That the mark of rank in Nature","The Philosophy of Despair","Jordan, David Starr","Philosophy","en"
"434",4754,"  Is capacity for pain,","The Philosophy of Despair","Jordan, David Starr","Philosophy","en"
"435",4754,"  And the anguish of the singer","The Philosophy of Despair","Jordan, David Starr","Philosophy","en"
"436",4754,"  Marks the sweetness of the strain?","The Philosophy of Despair","Jordan, David Starr","Philosophy","en"
"437",4754,"","The Philosophy of Despair","Jordan, David Starr","Philosophy","en"
"438",4754,"That this must be so rests in the very nature of things. The most","The Philosophy of Despair","Jordan, David Starr","Philosophy","en"
"439",4754,"perfect instrument is one most easily thrown out of adjustment. The most","The Philosophy of Despair","Jordan, David Starr","Philosophy","en"
"440",4754,"highly developed organism is the most exactly fitted to its functions,","The Philosophy of Despair","Jordan, David Starr","Philosophy","en"
"441",4754,"the one most deeply injured when these functions are altered or","The Philosophy of Despair","Jordan, David Starr","Philosophy","en"
"442",4754,"suppressed.","The Philosophy of Despair","Jordan, David Starr","Philosophy","en"
"443",4754,"","The Philosophy of Despair","Jordan, David Starr","Philosophy","en"
"444",4754,"Man's sensations and power to act must go together. Man can know nothing","The Philosophy of Despair","Jordan, David Starr","Philosophy","en"
"445",4754,"that he cannot somehow weave into action. If he fails to do this in one","The Philosophy of Despair","Jordan, David Starr","Philosophy","en"
"446",4754,"form or another, it is through limitations he has placed on himself. Man","The Philosophy of Despair","Jordan, David Starr","Philosophy","en"
"447",4754,"cannot suffer for lack of ""more worlds to conquer,"" because his power to","The Philosophy of Despair","Jordan, David Starr","Philosophy","en"
"448",4754,"conquer worlds is the product of his own 'past life and his own past","The Philosophy of Despair","Jordan, David Starr","Philosophy","en"
"449",4754,"needs. To weave knowledge into action is the antidote for ennui. To","The Philosophy of Despair","Jordan, David Starr","Philosophy","en"
"450",4754,"plan, to hope, to do, to accomplish the full measure of our powers,","The Philosophy of Despair","Jordan, David Starr","Philosophy","en"
"451",4754,"whatever they may be, is to turn away from Nirvana to real life. A","The Philosophy of Despair","Jordan, David Starr","Philosophy","en"
"452",4754,"useful man, a helpful man, an active man in any sense, even though his,","The Philosophy of Despair","Jordan, David Starr","Philosophy","en"
"453",4754,"activity be misdirected or harmful, is always a hopeful man.","The Philosophy of Despair","Jordan, David Starr","Philosophy","en"
"454",4754,"","The Philosophy of Despair","Jordan, David Starr","Philosophy","en"
"455",4754,"The feeling that ""the only reality in life is pain,"" is the sign not of","The Philosophy of Despair","Jordan, David Starr","Philosophy","en"
"456",4754,"philosophical acuteness but of bodily under-vitalization. The nervous","The Philosophy of Despair","Jordan, David Starr","Philosophy","en"
"457",4754,"system is too feeble for the body it has to move. To act is to make the","The Philosophy of Despair","Jordan, David Starr","Philosophy","en"
"458",4754,"environment your servant. Its pressure is no longer pain but joy. The","The Philosophy of Despair","Jordan, David Starr","Philosophy","en"
"459",4754,"concessions which life has made to time and space are the source of","The Philosophy of Despair","Jordan, David Starr","Philosophy","en"
"460",4754,"life's glory and power.","The Philosophy of Despair","Jordan, David Starr","Philosophy","en"
"461",4754,"","The Philosophy of Despair","Jordan, David Starr","Philosophy","en"
"462",4754,"The function of the nervous system is to carry from the environment to","The Philosophy of Despair","Jordan, David Starr","Philosophy","en"
"463",4754,"the brain the impressions of truth, that action may be true and safe.","The Philosophy of Despair","Jordan, David Starr","Philosophy","en"
"464",4754,"Pain and pleasure are both incidental to sound action. The one drives,","The Philosophy of Despair","Jordan, David Starr","Philosophy","en"
"465",4754,"the other coaxes us toward the path of wisdom. If pain is in excess of","The Philosophy of Despair","Jordan, David Starr","Philosophy","en"
"466",4754,"joy in our experience, it is because we have wandered from the path of","The Philosophy of Despair","Jordan, David Starr","Philosophy","en"
"467",4754,"normal activity. By right-doing, we mean that action which makes for","The Philosophy of Despair","Jordan, David Starr","Philosophy","en"
"468",4754,"""abundance of life,"" and abundance of life means fulness of joy. ""Though","The Philosophy of Despair","Jordan, David Starr","Philosophy","en"
"469",4754,"life be sad, yet there's joy in the living it"" was the word of the","The Philosophy of Despair","Jordan, David Starr","Philosophy","en"
"470",4754,"ancient Greeks, ""who ever with a frolic welcome took the Thunder and the","The Philosophy of Despair","Jordan, David Starr","Philosophy","en"
"471",4754,"Sunshine.""","The Philosophy of Despair","Jordan, David Starr","Philosophy","en"
"472",4754,"","The Philosophy of Despair","Jordan, David Starr","Philosophy","en"
"473",4754,"The life of man is dynamic, not static; not a condition but a movement.","The Philosophy of Despair","Jordan, David Starr","Philosophy","en"
"474",4754,"""Not enjoyment and not sorrow"" is its end or justification. It is a rush","The Philosophy of Despair","Jordan, David Starr","Philosophy","en"
"475",4754,"of forces, an evolution towards greater activities and higher","The Philosophy of Despair","Jordan, David Starr","Philosophy","en"
"476",4754,"adjustment, the growth of a stability which shall be ever more unstable.","The Philosophy of Despair","Jordan, David Starr","Philosophy","en"
"477",4754,"This onward motion is recognized in the pessimistic philosophy of Von","The Philosophy of Despair","Jordan, David Starr","Philosophy","en"
"478",4754,"Hartmann, as a movement towards ever greater possibilities of pain. With","The Philosophy of Despair","Jordan, David Starr","Philosophy","en"
"479",4754,"him life is ""the supreme blunder of the blind unconscious force"" which","The Philosophy of Despair","Jordan, David Starr","Philosophy","en"
"480",4754,"created man and developed him as the prey of ever-increasing suffering.","The Philosophy of Despair","Jordan, David Starr","Philosophy","en"
"481",4754,"","The Philosophy of Despair","Jordan, David Starr","Philosophy","en"
"482",4754,"But the power to enjoy has grown in like degree, and both joy and pain","The Philosophy of Despair","Jordan, David Starr","Philosophy","en"
"483",4754,"are subordinated to the power to act. The human will, the power to do,","The Philosophy of Despair","Jordan, David Starr","Philosophy","en"
"484",4754,"is the real end of the stress and struggle of the ages. However limited","The Philosophy of Despair","Jordan, David Starr","Philosophy","en"
"485",4754,"its individual action, the will finds its place among the gigantic","The Philosophy of Despair","Jordan, David Starr","Philosophy","en"
"486",4754,"factors in the evolution of life. It is not the present, but the","The Philosophy of Despair","Jordan, David Starr","Philosophy","en"
"487",4754,"ultimate, which is truth. Not the unstable and temporary fact but the","The Philosophy of Despair","Jordan, David Starr","Philosophy","en"
"488",4754,"boundless clashing forces which endlessly throw truths to the surface.","The Philosophy of Despair","Jordan, David Starr","Philosophy","en"
"489",4754,"","The Philosophy of Despair","Jordan, David Starr","Philosophy","en"
"490",4754,"Another source of Pessimism is the reaction from unearned pleasures and","The Philosophy of Despair","Jordan, David Starr","Philosophy","en"
"491",4754,"from spurious joys. It is the business of the senses to translate","The Philosophy of Despair","Jordan, David Starr","Philosophy","en"
"492",4754,"realities, to tell the truth about us in terms of human experience.","The Philosophy of Despair","Jordan, David Starr","Philosophy","en"
"493",4754,"Every real pleasure has its cost in some form of nervous activity. What","The Philosophy of Despair","Jordan, David Starr","Philosophy","en"
"494",4754,"we get we must earn, if it is to be really ours. Long ago, in the","The Philosophy of Despair","Jordan, David Starr","Philosophy","en"
"495",4754,"infancy of civilization, man learned that there were drugs in Nature,","The Philosophy of Despair","Jordan, David Starr","Philosophy","en"
"496",4754,"cell products of the growth or transformation of ""our brother organisms,","The Philosophy of Despair","Jordan, David Starr","Philosophy","en"
"497",4754,"the plants,"" by whose agency pain was turned to pleasure. By the aid of","The Philosophy of Despair","Jordan, David Starr","Philosophy","en"
"498",4754,"these outside influences he could clear ""today of past regrets and","The Philosophy of Despair","Jordan, David Starr","Philosophy","en"
"499",4754,"future fears,"" and strike out from the sad ""calendar unborn tomorrow and","The Philosophy of Despair","Jordan, David Starr","Philosophy","en"
"500",4754,"dead yesterday.""","The Philosophy of Despair","Jordan, David Starr","Philosophy","en"
"501",4754,"","The Philosophy of Despair","Jordan, David Starr","Philosophy","en"
"502",4754,"That the joys thus produced had no real objective existence, man was not","The Philosophy of Despair","Jordan, David Starr","Philosophy","en"
"503",4754,"long in finding out, and it soon appeared that for each subjective","The Philosophy of Despair","Jordan, David Starr","Philosophy","en"
"504",4754,"pleasure which had no foundation in action, there was a subjective","The Philosophy of Despair","Jordan, David Starr","Philosophy","en"
"505",4754,"sorrow, likewise unrelated to external things.","The Philosophy of Despair","Jordan, David Starr","Philosophy","en"
"506",4754,"","The Philosophy of Despair","Jordan, David Starr","Philosophy","en"
"507",4754,"But that the pains more than balanced the joys, and that the indulgence","The Philosophy of Despair","Jordan, David Starr","Philosophy","en"
"508",4754,"in unearned deceptions destroyed sooner or later all capacity for","The Philosophy of Despair","Jordan, David Starr","Philosophy","en"
"509",4754,"enjoyment, man learned more slowly.","The Philosophy of Despair","Jordan, David Starr","Philosophy","en"
"510",4754,"","The Philosophy of Despair","Jordan, David Starr","Philosophy","en"
"511",4754,"The joys of wine, of opium, of tobacco and of all kindred drugs are mere","The Philosophy of Despair","Jordan, David Starr","Philosophy","en"
"512",4754,"tricks upon the nervous system. In greater or less degree they destroy","The Philosophy of Despair","Jordan, David Starr","Philosophy","en"
"513",4754,"its power to tell the truth, and in proportion as they have seemed to","The Philosophy of Despair","Jordan, David Starr","Philosophy","en"
"514",4754,"bring subjective happiness, so do they bring at last subjective horror","The Philosophy of Despair","Jordan, David Starr","Philosophy","en"
"515",4754,"and disgust. And this utter soul-weariness of drugs has found its way","The Philosophy of Despair","Jordan, David Starr","Philosophy","en"
"516",4754,"into literature as the expression of Pessimism.","The Philosophy of Despair","Jordan, David Starr","Philosophy","en"
"517",4754,"","The Philosophy of Despair","Jordan, David Starr","Philosophy","en"
"518",4754,"""The City of the Dreadful Night,"" for example, does not find its","The Philosophy of Despair","Jordan, David Starr","Philosophy","en"
"519",4754,"inspiration in the misery of selfish, rushing, crowded London. It is the","The Philosophy of Despair","Jordan, David Starr","Philosophy","en"
"520",4754,"effect of brandy on the sensitive mind of an exquisitive poet. Not the","The Philosophy of Despair","Jordan, David Starr","Philosophy","en"
"521",4754,"world, but the poet, lies in the ""dreadful night"" of self-inflicted","The Philosophy of Despair","Jordan, David Starr","Philosophy","en"
"522",4754,"insomnia. Wherever these subjective nerve influences find expression in","The Philosophy of Despair","Jordan, David Starr","Philosophy","en"
"523",4754,"literature it is either in an infinite sadness, or in hopeless gloom.","The Philosophy of Despair","Jordan, David Starr","Philosophy","en"
"524",4754,"James Thompson says in the ""City of the Dreadful Night"":","The Philosophy of Despair","Jordan, David Starr","Philosophy","en"
"525",4754,"","The Philosophy of Despair","Jordan, David Starr","Philosophy","en"
"526",4754,"  ""The city is of night but not of sleep;","The Philosophy of Despair","Jordan, David Starr","Philosophy","en"
"527",4754,"  There sweet sleep is not for the weary brain.","The Philosophy of Despair","Jordan, David Starr","Philosophy","en"
"528",4754,"  The pitiless hours like years and ages creep--","The Philosophy of Despair","Jordan, David Starr","Philosophy","en"
"529",4754,"  A night seems termless hell. This dreadful strain","The Philosophy of Despair","Jordan, David Starr","Philosophy","en"
"530",4754,"  Of thought and consciousness which never ceases,","The Philosophy of Despair","Jordan, David Starr","Philosophy","en"
"531",4754,"  Or which some moment's stupor but increases.""","The Philosophy of Despair","Jordan, David Starr","Philosophy","en"
"532",4754,"","The Philosophy of Despair","Jordan, David Starr","Philosophy","en"
"533",4754,"  * * *","The Philosophy of Despair","Jordan, David Starr","Philosophy","en"
"534",4754,"","The Philosophy of Despair","Jordan, David Starr","Philosophy","en"
"535",4754,"  ""This Time which crawleth like a monstrous snake,","The Philosophy of Despair","Jordan, David Starr","Philosophy","en"
"536",4754,"  Wounded and slow and very venomous.""","The Philosophy of Despair","Jordan, David Starr","Philosophy","en"
"537",4754,"","The Philosophy of Despair","Jordan, David Starr","Philosophy","en"
"538",4754,"  * * *","The Philosophy of Despair","Jordan, David Starr","Philosophy","en"
"539",4754,"","The Philosophy of Despair","Jordan, David Starr","Philosophy","en"
"540",4754,"  'Lo, as thus prostrate in the dust I write","The Philosophy of Despair","Jordan, David Starr","Philosophy","en"
"541",4754,"  My heart's deep languor and my soul's sad tears--","The Philosophy of Despair","Jordan, David Starr","Philosophy","en"
"542",4754,"  But why evoke the spectres of black night","The Philosophy of Despair","Jordan, David Starr","Philosophy","en"
"543",4754,"  To blot the sunshine of exultant years!","The Philosophy of Despair","Jordan, David Starr","Philosophy","en"
"544",4754,"","The Philosophy of Despair","Jordan, David Starr","Philosophy","en"
"545",4754,"  ""Because a cold rage seizes one at times","The Philosophy of Despair","Jordan, David Starr","Philosophy","en"
"546",4754,"  To show the bitter, old and wrinkled truth,","The Philosophy of Despair","Jordan, David Starr","Philosophy","en"
"547",4754,"  Stripped naked of all vesture that beguiles","The Philosophy of Despair","Jordan, David Starr","Philosophy","en"
"548",4754,"  False dreams, false hopes, false masks and modes of youth.""","The Philosophy of Despair","Jordan, David Starr","Philosophy","en"
"549",4754,"","The Philosophy of Despair","Jordan, David Starr","Philosophy","en"
"550",4754,"All this, alas, is the inevitable physical outcome of the attempt to--","The Philosophy of Despair","Jordan, David Starr","Philosophy","en"
"551",4754,"","The Philosophy of Despair","Jordan, David Starr","Philosophy","en"
"552",4754,"  ""Divorce old, barren Reason from my house","The Philosophy of Despair","Jordan, David Starr","Philosophy","en"
"553",4754,"  To take the daughter of the vine to spouse.""","The Philosophy of Despair","Jordan, David Starr","Philosophy","en"
"554",4754,"","The Philosophy of Despair","Jordan, David Starr","Philosophy","en"
"555",4754,"All subjective happiness due to nerve stimulation is of the nature of","The Philosophy of Despair","Jordan, David Starr","Philosophy","en"
"556",4754,"mania. In proportion to its intensity is the certainty that it will be","The Philosophy of Despair","Jordan, David Starr","Philosophy","en"
"557",4754,"followed by its subjective reaction, the ""Nuit Blanche,"" the ""dark brown","The Philosophy of Despair","Jordan, David Starr","Philosophy","en"
"558",4754,"taste,"" by the experience of ""the difference in the morning."" The only","The Philosophy of Despair","Jordan, David Starr","Philosophy","en"
"559",4754,"melancholy drugs can drive away is that which they themselves produce.","The Philosophy of Despair","Jordan, David Starr","Philosophy","en"
"560",4754,"It is folly to use as a source of pleasure that which lessens activity","The Philosophy of Despair","Jordan, David Starr","Philosophy","en"
"561",4754,"and vitiates life.","The Philosophy of Despair","Jordan, David Starr","Philosophy","en"
"562",4754,"","The Philosophy of Despair","Jordan, David Starr","Philosophy","en"
"563",4754,"There are many other causes which induce depression of mind and disorder","The Philosophy of Despair","Jordan, David Starr","Philosophy","en"
"564",4754,"of nerve. Where nerve decay is associated with genius and culture, we","The Philosophy of Despair","Jordan, David Starr","Philosophy","en"
"565",4754,"shall find some phase of the philosophy of Pessimism. In fact,","The Philosophy of Despair","Jordan, David Starr","Philosophy","en"
"566",4754,"cheerfulness is not primarily a result of right thinking, but rather the","The Philosophy of Despair","Jordan, David Starr","Philosophy","en"
"567",4754,"expression of sound nerves and normal vegetative processes. Most of the","The Philosophy of Despair","Jordan, David Starr","Philosophy","en"
"568",4754,"philosophy of despair, the longing to know the meaning of the","The Philosophy of Despair","Jordan, David Starr","Philosophy","en"
"569",4754,"unattainable, vanishes with active out-of-door life and the consequent","The Philosophy of Despair","Jordan, David Starr","Philosophy","en"
"570",4754,"flow of good health. Even a dose of quinine may convert to hopefulness","The Philosophy of Despair","Jordan, David Starr","Philosophy","en"
"571",4754,"when both sermons and arguments fail.","The Philosophy of Despair","Jordan, David Starr","Philosophy","en"
"572",4754,"","The Philosophy of Despair","Jordan, David Starr","Philosophy","en"
"573",4754,"For a degree of optimism is a necessary accompaniment of health. It is","The Philosophy of Despair","Jordan, David Starr","Philosophy","en"
"574",4754,"as natural as animal heat, and is the mental reflex of it. Pessimism","The Philosophy of Despair","Jordan, David Starr","Philosophy","en"
"575",4754,"arises from depression or irritation or failure of the nerves. It is a","The Philosophy of Despair","Jordan, David Starr","Philosophy","en"
"576",4754,"symptom of lowered vitality expressed in terms of the mind.","The Philosophy of Despair","Jordan, David Starr","Philosophy","en"
"577",4754,"","The Philosophy of Despair","Jordan, David Starr","Philosophy","en"
"578",4754,"There is a philosophical Pessimism, as I have already said, over and","The Philosophy of Despair","Jordan, David Starr","Philosophy","en"
"579",4754,"above all merely physical conditions, and not dependent on them. But the","The Philosophy of Despair","Jordan, David Starr","Philosophy","en"
"580",4754,"melancholy Jacques of our ordinary experience either uses some narcotic","The Philosophy of Despair","Jordan, David Starr","Philosophy","en"
"581",4754,"or stimulant to excess, or else has trouble with his liver or kidneys.","The Philosophy of Despair","Jordan, David Starr","Philosophy","en"
"582",4754,"""Liver complaint,"" says Zangwill, ""is the Prometheus myth done into","The Philosophy of Despair","Jordan, David Starr","Philosophy","en"
"583",4754,"modern English."" Already historical criticism has shown that the Bloody","The Philosophy of Despair","Jordan, David Starr","Philosophy","en"
"584",4754,"Assizes had its origin in disease of the bladder, and most forms of vice","The Philosophy of Despair","Jordan, David Starr","Philosophy","en"
"585",4754,"and cruelty resolve themselves into decay of the nerves. It is natural","The Philosophy of Despair","Jordan, David Starr","Philosophy","en"
"586",4754,"that degeneration should bring discouragement and disgust. But whatever","The Philosophy of Despair","Jordan, David Starr","Philosophy","en"
"587",4754,"the causes of Pessimism, whether arising in speculative philosophy in","The Philosophy of Despair","Jordan, David Starr","Philosophy","en"
"588",4754,"nervous disease or in personal failure, it can never be wrought into","The Philosophy of Despair","Jordan, David Starr","Philosophy","en"
"589",4754,"sound and helpful life. To live effectively implies the belief that life","The Philosophy of Despair","Jordan, David Starr","Philosophy","en"
"590",4754,"is worth living, and no one who leads a worthy life has ever for a","The Philosophy of Despair","Jordan, David Starr","Philosophy","en"
"591",4754,"moment doubted this.","The Philosophy of Despair","Jordan, David Starr","Philosophy","en"
"592",4754,"","The Philosophy of Despair","Jordan, David Starr","Philosophy","en"
"593",4754,"Such an expression as ""worth living"" has in fact no real meaning. To act","The Philosophy of Despair","Jordan, David Starr","Philosophy","en"
"594",4754,"and to love are the twin functions of the human body and soul. To refuse","The Philosophy of Despair","Jordan, David Starr","Philosophy","en"
"595",4754,"these functions is to make one's self incapable of them. It is in a","The Philosophy of Despair","Jordan, David Starr","Philosophy","en"
"596",4754,"sense to die while the body is still alive. To refuse these functions is","The Philosophy of Despair","Jordan, David Starr","Philosophy","en"
"597",4754,"to make misery out of existence, and a life of ennui is doubtless not","The Philosophy of Despair","Jordan, David Starr","Philosophy","en"
"598",4754,"""worth living.""","The Philosophy of Despair","Jordan, David Starr","Philosophy","en"
"599",4754,"","The Philosophy of Despair","Jordan, David Starr","Philosophy","en"
"600",4754,"The philosophy of life is its working hypothesis of action. To hold that","The Philosophy of Despair","Jordan, David Starr","Philosophy","en"
"601",4754,"all effort is futile, that all knowledge is illusion, and that no result","The Philosophy of Despair","Jordan, David Starr","Philosophy","en"
"602",4754,"of the human will is worth the pain of calling it into action, is to cut","The Philosophy of Despair","Jordan, David Starr","Philosophy","en"
"603",4754,"the nerve of effectiveness. In proportion as one really believes this,","The Philosophy of Despair","Jordan, David Starr","Philosophy","en"
"604",4754,"he becomes a cumberer of the ground. It was said of Oscar McCulloch, an","The Philosophy of Despair","Jordan, David Starr","Philosophy","en"
"605",4754,"earnest student of human life, that ""in whatever part of God's universe","The Philosophy of Despair","Jordan, David Starr","Philosophy","en"
"606",4754,"he finds himself, he will be a hopeful man, looking forward and not","The Philosophy of Despair","Jordan, David Starr","Philosophy","en"
"607",4754,"backward, looking upward and not downward, always ready to lend a","The Philosophy of Despair","Jordan, David Starr","Philosophy","en"
"608",4754,"helping hand, and not afraid to die.""","The Philosophy of Despair","Jordan, David Starr","Philosophy","en"
"609",4754,"","The Philosophy of Despair","Jordan, David Starr","Philosophy","en"
"610",4754,"Of like spirit was Robert Louis Stevenson:","The Philosophy of Despair","Jordan, David Starr","Philosophy","en"
"611",4754,"","The Philosophy of Despair","Jordan, David Starr","Philosophy","en"
"612",4754,"  ""Glad did I live and gladly die,","The Philosophy of Despair","Jordan, David Starr","Philosophy","en"
"613",4754,"  And I laid me down with a will.""","The Philosophy of Despair","Jordan, David Starr","Philosophy","en"
"614",4754,"","The Philosophy of Despair","Jordan, David Starr","Philosophy","en"
"615",4754,"It is through men of this type that the work of civilization has been","The Philosophy of Despair","Jordan, David Starr","Philosophy","en"
"616",4754,"accomplished, ""men of present valor, stalwart, brave iconoclasts."" They","The Philosophy of Despair","Jordan, David Starr","Philosophy","en"
"617",4754,"were men who were content with the order of the universe as it is, and","The Philosophy of Despair","Jordan, David Starr","Philosophy","en"
"618",4754,"seek only to place their own actions in harmony with this order. They","The Philosophy of Despair","Jordan, David Starr","Philosophy","en"
"619",4754,"have no complaints to urge against ""the goodness and severity of God,""","The Philosophy of Despair","Jordan, David Starr","Philosophy","en"
"620",4754,"nor any futile wish ""to remould it nearer to the heart's desire."" The","The Philosophy of Despair","Jordan, David Starr","Philosophy","en"
"621",4754,"""Fanaticism for Veracity"" is satisfied with what is. Not the ultimate","The Philosophy of Despair","Jordan, David Starr","Philosophy","en"
"622",4754,"truth which is God's alone, but the highest attainable truth, is the aim","The Philosophy of Despair","Jordan, David Starr","Philosophy","en"
"623",4754,"of Science, and to translate Science into Virtue is the goal of","The Philosophy of Despair","Jordan, David Starr","Philosophy","en"
"624",4754,"civilization.","The Philosophy of Despair","Jordan, David Starr","Philosophy","en"
"625",4754,"","The Philosophy of Despair","Jordan, David Starr","Philosophy","en"
"626",4754,"The third question which Science may ask is the direct one. In what part","The Philosophy of Despair","Jordan, David Starr","Philosophy","en"
"627",4754,"of the universe are you, and what are you doing? Thoreau says that","The Philosophy of Despair","Jordan, David Starr","Philosophy","en"
"628",4754,"""there is no hope for you unless this bit of sod under your feet is the","The Philosophy of Despair","Jordan, David Starr","Philosophy","en"
"629",4754,"sweetest to you in this world--in any world."" Why not? Nowhere is the","The Philosophy of Despair","Jordan, David Starr","Philosophy","en"
"630",4754,"sky so blue, the grass so green, the sunshine so bright, the shade so","The Philosophy of Despair","Jordan, David Starr","Philosophy","en"
"631",4754,"welcome, as right here, now, today. No other blue sky, nor bright","The Philosophy of Despair","Jordan, David Starr","Philosophy","en"
"632",4754,"sunshine, nor welcome shade exists for you. Other skies are bright to","The Philosophy of Despair","Jordan, David Starr","Philosophy","en"
"633",4754,"other men. They have been bright in the past and so will they be again,","The Philosophy of Despair","Jordan, David Starr","Philosophy","en"
"634",4754,"but yours are here and now. Today is your day and mine, the only day we","The Philosophy of Despair","Jordan, David Starr","Philosophy","en"
"635",4754,"have, the day in which we play our part. What our part may signify in","The Philosophy of Despair","Jordan, David Starr","Philosophy","en"
"636",4754,"the great whole we may not understand, but we are here to play it, and","The Philosophy of Despair","Jordan, David Starr","Philosophy","en"
"637",4754,"now is the time. This we know, it is a part of action, not of whining.","The Philosophy of Despair","Jordan, David Starr","Philosophy","en"
"638",4754,"It is a part of love, not cynicism. It is for us to express love in","The Philosophy of Despair","Jordan, David Starr","Philosophy","en"
"639",4754,"terms of human helpfulness. This we know, for we have learned from sad","The Philosophy of Despair","Jordan, David Starr","Philosophy","en"
"640",4754,"experience that any other course of life leads toward decay and waste.","The Philosophy of Despair","Jordan, David Starr","Philosophy","en"
"641",4754,"","The Philosophy of Despair","Jordan, David Starr","Philosophy","en"
"642",4754,"What, then, are you doing under these blue skies? The thing you do","The Philosophy of Despair","Jordan, David Starr","Philosophy","en"
"643",4754,"should be for you the most important thing in the world. If you could do","The Philosophy of Despair","Jordan, David Starr","Philosophy","en"
"644",4754,"something better than you are doing now, everything considered, why are","The Philosophy of Despair","Jordan, David Starr","Philosophy","en"
"645",4754,"you not doing it?","The Philosophy of Despair","Jordan, David Starr","Philosophy","en"
"646",4754,"","The Philosophy of Despair","Jordan, David Starr","Philosophy","en"
"647",4754,"If every one did the very best he knew, most of the problems of human","The Philosophy of Despair","Jordan, David Starr","Philosophy","en"
"648",4754,"life would be already settled. If each one did the best he knew, he","The Philosophy of Despair","Jordan, David Starr","Philosophy","en"
"649",4754,"would be on the highway to greater knowledge, and therefore still better","The Philosophy of Despair","Jordan, David Starr","Philosophy","en"
"650",4754,"action. The redemption of the world is waiting only for each man to","The Philosophy of Despair","Jordan, David Starr","Philosophy","en"
"651",4754,"""lend a hand.""","The Philosophy of Despair","Jordan, David Starr","Philosophy","en"
"652",4754,"","The Philosophy of Despair","Jordan, David Starr","Philosophy","en"
"653",4754,"It does not matter if the greatest thing for you to do be not in itself","The Philosophy of Despair","Jordan, David Starr","Philosophy","en"
"654",4754,"great. The best preparation for greatness comes in doing faithfully the","The Philosophy of Despair","Jordan, David Starr","Philosophy","en"
"655",4754,"little things that lie nearest. The nearest is the greatest in most","The Philosophy of Despair","Jordan, David Starr","Philosophy","en"
"656",4754,"human lives.","The Philosophy of Despair","Jordan, David Starr","Philosophy","en"
"657",4754,"","The Philosophy of Despair","Jordan, David Starr","Philosophy","en"
"658",4754,"Even washing one's own face may be the greatest present duty. The","The Philosophy of Despair","Jordan, David Starr","Philosophy","en"
"659",4754,"ascetics of the past, who scorned cleanliness in the search for","The Philosophy of Despair","Jordan, David Starr","Philosophy","en"
"660",4754,"godliness, became, sometimes, neither clean nor holy. For want of a","The Philosophy of Despair","Jordan, David Starr","Philosophy","en"
"661",4754,"clean face they lost their souls.","The Philosophy of Despair","Jordan, David Starr","Philosophy","en"
"662",4754,"","The Philosophy of Despair","Jordan, David Starr","Philosophy","en"
"663",4754,"It was Agassiz's strength that he knew the value of today. Never were","The Philosophy of Despair","Jordan, David Starr","Philosophy","en"
"664",4754,"such bright skies as arched above him; nowhere else were such charming","The Philosophy of Despair","Jordan, David Starr","Philosophy","en"
"665",4754,"associates, such budding students, such secrets of nature fresh to his","The Philosophy of Despair","Jordan, David Starr","Philosophy","en"
"666",4754,"hand. His was the buoyant strength of the man who can look the stars in","The Philosophy of Despair","Jordan, David Starr","Philosophy","en"
"667",4754,"the face because he does his part in the Universe as well as they do","The Philosophy of Despair","Jordan, David Starr","Philosophy","en"
"668",4754,"theirs. It is the fresh, unspoiled confidence of the natural man, who","The Philosophy of Despair","Jordan, David Starr","Philosophy","en"
"669",4754,"finds the world a world of action and joy, and time all too short for","The Philosophy of Despair","Jordan, David Starr","Philosophy","en"
"670",4754,"the fulness of life which it demands. When Agassiz died, ""the best","The Philosophy of Despair","Jordan, David Starr","Philosophy","en"
"671",4754,"friend that ever student had,"" the students of Harvard ""laid a wreath of","The Philosophy of Despair","Jordan, David Starr","Philosophy","en"
"672",4754,"laurel on his bier, and their manly voices sang a requiem, for he had","The Philosophy of Despair","Jordan, David Starr","Philosophy","en"
"673",4754,"been a student all his life long, and when he died he was younger than","The Philosophy of Despair","Jordan, David Starr","Philosophy","en"
"674",4754,"any of them.""","The Philosophy of Despair","Jordan, David Starr","Philosophy","en"
"675",4754,"","The Philosophy of Despair","Jordan, David Starr","Philosophy","en"
"676",4754,"Optimism in life is a good working hypothesis, if by optimism we mean","The Philosophy of Despair","Jordan, David Starr","Philosophy","en"
"677",4754,"the open-eyed faith that force exerted is never lost. Much that calls","The Philosophy of Despair","Jordan, David Starr","Philosophy","en"
"678",4754,"itself faith is only the blindness of self-satisfaction.","The Philosophy of Despair","Jordan, David Starr","Philosophy","en"
"679",4754,"","The Philosophy of Despair","Jordan, David Starr","Philosophy","en"
"680",4754,"What if there are so many of us in the ranks of humanity? What if the","The Philosophy of Despair","Jordan, David Starr","Philosophy","en"
"681",4754,"individual be lost in the mass as a pebble cast into the Seven Seas?","The Philosophy of Despair","Jordan, David Starr","Philosophy","en"
"682",4754,"Would you choose a world so small as to leave room for only you and your","The Philosophy of Despair","Jordan, David Starr","Philosophy","en"
"683",4754,"satellites? Would you ask for problems of life so tame that even you","The Philosophy of Despair","Jordan, David Starr","Philosophy","en"
"684",4754,"could grasp them? Would you choose a fibreless Universe to be ""remoulded","The Philosophy of Despair","Jordan, David Starr","Philosophy","en"
"685",4754,"nearer to the heart's desire,"" in place of the wild, tough, virile,","The Philosophy of Despair","Jordan, David Starr","Philosophy","en"
"686",4754,"man-making environment from which the Attraction of Gravitation lets","The Philosophy of Despair","Jordan, David Starr","Philosophy","en"
"687",4754,"none of us escape?","The Philosophy of Despair","Jordan, David Starr","Philosophy","en"
"688",4754,"","The Philosophy of Despair","Jordan, David Starr","Philosophy","en"
"689",4754,"It is not that ""I come like water and like wind I go."" I am here today,","The Philosophy of Despair","Jordan, David Starr","Philosophy","en"
"690",4754,"and the moment and the place are real, and my will is itself one of the","The Philosophy of Despair","Jordan, David Starr","Philosophy","en"
"691",4754,"fates that make and unmake all things. ""Every meanest day is the","The Philosophy of Despair","Jordan, David Starr","Philosophy","en"
"692",4754,"conflux of two eternities,"" and in this center of all time and space for","The Philosophy of Despair","Jordan, David Starr","Philosophy","en"
"693",4754,"the moment it is I that stand. Great is Eternity, but it is made up of","The Philosophy of Despair","Jordan, David Starr","Philosophy","en"
"694",4754,"time. Could we blot out one day in the midst of time, Eternity could be","The Philosophy of Despair","Jordan, David Starr","Philosophy","en"
"695",4754,"no more. The feebleness of man has its place within the infinite","The Philosophy of Despair","Jordan, David Starr","Philosophy","en"
"696",4754,"Omnipotence.","The Philosophy of Despair","Jordan, David Starr","Philosophy","en"
"697",4754,"","The Philosophy of Despair","Jordan, David Starr","Philosophy","en"
"698",4754,"It is a question not of hope or despair, but of truth, not of optimism","The Philosophy of Despair","Jordan, David Starr","Philosophy","en"
"699",4754,"nor of Pessimism, but of wisdom. Wisdom is knowing what to do next;","The Philosophy of Despair","Jordan, David Starr","Philosophy","en"
"700",4754,"virtue is doing it. Religion is the heart impulse that turns toward the","The Philosophy of Despair","Jordan, David Starr","Philosophy","en"
"701",4754,"best and highest course of action. ""It was my duty to have loved the","The Philosophy of Despair","Jordan, David Starr","Philosophy","en"
"702",4754,"highest. What does that demand? What have I to do next? Not in infinity,","The Philosophy of Despair","Jordan, David Starr","Philosophy","en"
"703",4754,"where we can do nothing, but here, today, the greatest day that ever","The Philosophy of Despair","Jordan, David Starr","Philosophy","en"
"704",4754,"was, for it alone is mine!","The Philosophy of Despair","Jordan, David Starr","Philosophy","en"
"705",4754,"","The Philosophy of Despair","Jordan, David Starr","Philosophy","en"
"706",4754,"What matter is it that time does not end with us? Neither with us does","The Philosophy of Despair","Jordan, David Starr","Philosophy","en"
"707",4754,"history begin. An Emperor of China once decreed that nothing should be","The Philosophy of Despair","Jordan, David Starr","Philosophy","en"
"708",4754,"before him, that all history should begin with him. But he could go no","The Philosophy of Despair","Jordan, David Starr","Philosophy","en"
"709",4754,"farther than his own decree. Who are you that would be Emperor of China?","The Philosophy of Despair","Jordan, David Starr","Philosophy","en"
"710",4754,"","The Philosophy of Despair","Jordan, David Starr","Philosophy","en"
"711",4754,"  ""The eternal Saki from that bowl hath poured","The Philosophy of Despair","Jordan, David Starr","Philosophy","en"
"712",4754,"  Millions of bubbles like us and shall pour.""","The Philosophy of Despair","Jordan, David Starr","Philosophy","en"
"713",4754,"","The Philosophy of Despair","Jordan, David Starr","Philosophy","en"
"714",4754,"Why not? Should life stop with you? What have you done that you should","The Philosophy of Despair","Jordan, David Starr","Philosophy","en"
"715",4754,"mark the end of time? If you have played your part in the procession of","The Philosophy of Despair","Jordan, David Starr","Philosophy","en"
"716",4754,"bubbles, all is well, though the best you can do is to leave the world a","The Philosophy of Despair","Jordan, David Starr","Philosophy","en"
"717",4754,"little better for the next that follows.","The Philosophy of Despair","Jordan, David Starr","Philosophy","en"
"718",4754,"","The Philosophy of Despair","Jordan, David Starr","Philosophy","en"
"719",4754,"If you have not made life a little richer and its conditions a little","The Philosophy of Despair","Jordan, David Starr","Philosophy","en"
"720",4754,"more just by your living you have not touched the world. You are indeed","The Philosophy of Despair","Jordan, David Starr","Philosophy","en"
"721",4754,"a bubble. If some kind friend somewhere ""turn down an empty glass,"" it","The Philosophy of Despair","Jordan, David Starr","Philosophy","en"
"722",4754,"will be the best monument you deserve. But to have had a friend is to","The Philosophy of Despair","Jordan, David Starr","Philosophy","en"
"723",4754,"leave the glass not wholly empty, for life is justified in love as well","The Philosophy of Despair","Jordan, David Starr","Philosophy","en"
"724",4754,"as in action.","The Philosophy of Despair","Jordan, David Starr","Philosophy","en"
"725",4754,"","The Philosophy of Despair","Jordan, David Starr","Philosophy","en"
"726",4754,"The words of Omar need to be read with the rising inflection, and they","The Philosophy of Despair","Jordan, David Starr","Philosophy","en"
"727",4754,"become the expression of exultant hopefulness.","The Philosophy of Despair","Jordan, David Starr","Philosophy","en"
"728",4754,"","The Philosophy of Despair","Jordan, David Starr","Philosophy","en"
"729",4754,"  ""The eternal Saki from that bowl hath poured","The Philosophy of Despair","Jordan, David Starr","Philosophy","en"
"730",4754,"  Millions of bubbles and shall pour!""","The Philosophy of Despair","Jordan, David Starr","Philosophy","en"
"731",4754,"","The Philosophy of Despair","Jordan, David Starr","Philosophy","en"
"732",4754,"Small though we are the story is not all told when we are dead. The huge","The Philosophy of Despair","Jordan, David Starr","Philosophy","en"
"733",4754,"procession goes on and shall go on, till the secret of the grand","The Philosophy of Despair","Jordan, David Starr","Philosophy","en"
"734",4754,"symphony of life is reached.","The Philosophy of Despair","Jordan, David Starr","Philosophy","en"
"735",4754,"","The Philosophy of Despair","Jordan, David Starr","Philosophy","en"
"736",4754,"  ""A single note in the Eternal Song","The Philosophy of Despair","Jordan, David Starr","Philosophy","en"
"737",4754,"  A perfect Singer hath had need for me.""","The Philosophy of Despair","Jordan, David Starr","Philosophy","en"
"738",4754,"","The Philosophy of Despair","Jordan, David Starr","Philosophy","en"
"739",4754,"  * * *","The Philosophy of Despair","Jordan, David Starr","Philosophy","en"
"740",4754,"","The Philosophy of Despair","Jordan, David Starr","Philosophy","en"
"741",4754,"  ""I do rejoice that when of Thee and Me","The Philosophy of Despair","Jordan, David Starr","Philosophy","en"
"742",4754,"  Men speak no longer, yet not less but more","The Philosophy of Despair","Jordan, David Starr","Philosophy","en"
"743",4754,"  The Eternal Saki still that bowl shall fill","The Philosophy of Despair","Jordan, David Starr","Philosophy","en"
"744",4754,"  And ever fairer, clearer bubbles pour.""","The Philosophy of Despair","Jordan, David Starr","Philosophy","en"
"745",4754,"","The Philosophy of Despair","Jordan, David Starr","Philosophy","en"
"746",4754,"In the same way we must read with the rising inflection the lines of","The Philosophy of Despair","Jordan, David Starr","Philosophy","en"
"747",4754,"Tennyson:","The Philosophy of Despair","Jordan, David Starr","Philosophy","en"
"748",4754,"","The Philosophy of Despair","Jordan, David Starr","Philosophy","en"
"749",4754,"  ""I falter when I firmly trod,","The Philosophy of Despair","Jordan, David Starr","Philosophy","en"
"750",4754,"  And falling with my weight of cares,","The Philosophy of Despair","Jordan, David Starr","Philosophy","en"
"751",4754,"  Upon the World's great altar-stairs","The Philosophy of Despair","Jordan, David Starr","Philosophy","en"
"752",4754,"  That slope through darkness, up to god!""","The Philosophy of Despair","Jordan, David Starr","Philosophy","en"
"753",4754,"","The Philosophy of Despair","Jordan, David Starr","Philosophy","en"
"754",4754,"Read these words with courage, and with the upward turn of the voice at","The Philosophy of Despair","Jordan, David Starr","Philosophy","en"
"755",4754,"the end. It is no longer in the darkness that we falter. The great","The Philosophy of Despair","Jordan, David Starr","Philosophy","en"
"756",4754,"altar-stairs of which no man knows the beginning nor the end, do not","The Philosophy of Despair","Jordan, David Starr","Philosophy","en"
"757",4754,"spring from the mire nor end in the mists. They ""slope through darkness","The Philosophy of Despair","Jordan, David Starr","Philosophy","en"
"758",4754,"up to God,"" and no one could ask a stronger expression of that robust","The Philosophy of Despair","Jordan, David Starr","Philosophy","en"
"759",4754,"optimism which must be the mainspring of successful life.","The Philosophy of Despair","Jordan, David Starr","Philosophy","en"
